{
  "$schema": "https://schema.management.azure.com/schemas/2019-04-01/deploymentTemplate.json#",
  "contentVersion": "1.0.0.0",
  "parameters": {
    "location": {
      "type": "string",
      "defaultValue": "[resourceGroup().location]",
      "metadata": {
        "description": "Location for the resources."
      }
    },
    "clusterName": {
      "type": "string",
      "defaultValue": "myCluster",
      "minLength": 1,
      "maxLength": 61,
      "metadata": {
        "description": "Name to use for this cluster. This name is shown in MATLAB as the cluster profile name."
      }
    },
    "numWorkerNodes": {
      "type": "Int",
      "defaultValue": 2,
      "minValue": 0,
      "maxValue": 1000,
      "metadata": {
        "description": "Number of Azure Virtual Machines to start for the workers to run on."
      }
    },
    "minWorkerNodes": {
      "defaultValue": 0,
      "minValue": 0,
      "maxValue": 1000,
      "type": "Int",
      "metadata": {
        "description": "Minimum number of running Azure Virtual Machines."
      }
    },
    "maxWorkerNodes": {
      "defaultValue": 4,
      "minValue": 0,
      "maxValue": 1000,
      "type": "Int",
      "metadata": {
        "description": "Maximum number of running Azure Virtual Machines."
      }
    },
    "numWorkersPerNode": {
      "type": "Int",
      "defaultValue": 2,
      "minValue": 1,
      "maxValue": 1000,
      "metadata": {
        "description": "Number of MATLAB worker processes to start on each Virtual Machine (VM). Specify 1 worker for every 2 vCPUs, because this results in 1 worker per physical core. For example, a Standard_D64s_v3 VM has 64 vCPUs, so can support 32 MATLAB workers. See https://learn.microsoft.com/azure/virtual-machines/sizes for details on vCPUs for each VM size."
      }
    },
    "headNodeVmSize": {
      "type": "string",
      "defaultValue": "Standard_D4s_v3",
      "metadata": {
        "description": "Azure VM size to use for the headnode, which runs the job manager. No workers are started on this node, so this can be a smaller VM type than the worker nodes. By default, the heap memory for the job manager is set between 1024 MiB and a maximum of half of the VM memory, depending on the total number of MATLAB workers. See  https://learn.microsoft.com/azure/virtual-machines/sizes for a list of VMs."
      }
    },
    "workerVmSize": {
      "type": "string",
      "defaultValue": "Standard_F4s_v2",
      "metadata": {
        "description": "Azure VM size to use for the workers. By default, the heap memory for all worker process is set between 1024 MiB and a maximum of a quarter of the VM memory, depending on the number of MATLAB workers on the VM. See https://learn.microsoft.com/azure/virtual-machines/sizes for a list of VMs."
      }
    },
    "databaseVolumeSize": {
      "type": "Int",
      "defaultValue": 100,
      "minValue": 0,
      "maxValue": 1023,
      "metadata": {
        "description": "Size in GB of the volume to store the database files. All job and task information, including input and output data is stored on this volume and should therefore have enough capacity to store the expected amount of data. If set to 0, no volume is created and the root volume of the VM is used for the database."
      }
    },
    "clientIPAddress": {
      "minLength": 1,
      "type": "String",
      "metadata": {
        "description": "IP address range that can be used to access the cluster from MATLAB. This must be a valid IP CIDR range of the form x.x.x.x/x. Use the value &lt;your_public_ip_address&gt;/32 to restrict access to only your computer."
      }
    },
    "adminUsername": {
      "type": "String",
      "defaultValue": "matlab",
      "metadata": {
        "description": "Admin username for the cluster. To avoid any deployment errors, check the list of [disallowed values](https://learn.microsoft.com/rest/api/compute/virtual-machines/create-or-update?tabs=HTTP#osprofile) for adminUsername."
      }
    },
    "adminPassword": {
      "type": "SecureString",
      "metadata": {
        "description": "Choose the password for the admin user of the cluster. This password and the chosen admin username are required to login into any VM in the cluster using RDP. For the deployment to succeed, your password must meet Azure's password requirements. See [Password requirements when creating a VM](https://learn.microsoft.com/azure/virtual-machines/windows/faq?WT.mc_id=Portal-fx#what-are-the-password-requirements-when-creating-a-vm-) for information on the password requirements."
      }
    },
    "MJSSecurityLevel": {
      "metadata": {
        "description": "Security level for the cluster. Level 0: Any user can access any jobs and tasks. Level 1: Accessing other users' jobs and tasks issues a warning. However, all users can still perform all actions. Level 2: Users must enter a password to access their jobs and tasks. The job owner can grant access to other users."
      },
      "type": "String",
      "allowedValues": [
        "0",
        "1",
        "2"
      ],
      "defaultValue": "0"
    },
    "enableAutoscaling": {
      "defaultValue": "No",
      "allowedValues": [
        "Yes",
        "No"
      ],
      "type": "String",
      "metadata": {
        "description": "Option indicating whether VM autoscaling is enabled. For more information about autoscaling, refer to the 'Use Autoscaling' section in the deployment README."
      }
    },
    "MJSSchedulingAlgorithm": {
      "metadata": {
        "description": "Scheduling algorithm for the job manager. 'standard' spreads communicating jobs across as few worker machines as possible to reduce communication overheads and fills in unused spaces on worker machines with independent jobs. Suitable for good behaviour for a wide range of uses including autoscaling. 'loadBalancing' distributes load evenly across the cluster to give as many resources as possible to running jobs and tasks when the cluster is underutilized."
      },
      "type": "String",
      "allowedValues": [
        "standard",
        "loadBalancing"
      ],
      "defaultValue": "standard"
    },
    "optionalUserCommand": {
      "defaultValue": "",
      "type": "String",
      "metadata": {
        "description": "Provide an optional inline PowerShell command to run on machine launch. For example, to set an environment variable CLOUD=AZURE, use this command excluding the angle brackets: &lt;[System.Environment]::SetEnvironmentVariable(\"CLOUD\",\"AZURE\", \"Machine\");&gt;. You can use either double quotes or two single quotes. To run an external script, use this command excluding the angle brackets: &lt;Invoke-WebRequest \"https://www.example.com/script.ps1\" -OutFile script.ps1; .\\script.ps1&gt;. Find the logs at '$Env:ProgramData\\MathWorks\\startup.log'."
      }
    },
    "virtualNetworkNewOrExisting": {
      "type": "string",
      "defaultValue": "new",
      "metadata": {
        "description": "Determines whether a new or existing virtual network should be provisioned."
      }
    },
    "virtualNetworkName": {
      "type": "string",
      "defaultValue": "VirtualNetwork",
      "metadata": {
        "description": "Name of the virtual network."
      }
    },
    "addressPrefix": {
      "type": "array",
      "defaultValue": [
        "10.0.0.0/16"
      ],
      "metadata": {
        "description": "Address prefix of the virtual network."
      }
    },
    "subnetName": {
      "type": "string",
      "defaultValue": "default",
      "metadata": {
        "description": "Name of the subnet."
      }
    },
    "subnetPrefix": {
      "type": "string",
      "defaultValue": "10.0.0.0/24",
      "metadata": {
        "description": "Subnet prefix of the virtual network."
      }
    },
    "licenseServer": {
      "defaultValue": "",
      "type": "String",
      "metadata": {
        "description": "Optional License Manager for MATLAB string in the form port@hostname. If not specified, online licensing is used. If specified, the license manager must be accessible from the specified virtual network and subnets."
      }
    },
    "virtualNetworkResourceGroupName": {
      "type": "string",
      "defaultValue": "[resourceGroup().name]",
      "metadata": {
        "description": "Name of the resource group for the existing virtual network."
      }
    }
  },
  "variables": {
    "fixedPrefix": "mjs",
    "windowsVMNameLengthLimit": 15,
    "windowsVMSSNameLengthLimit": 9,
    "resourceGroupUniqueString": "[uniqueString(resourceGroup().id)]",
    "namingPrefix": "[concat(variables('fixedPrefix'), '-', variables('resourceGroupUniqueString'))]",
    "addressPrefix": "[parameters('addressPrefix')]",
    "subnetPrefix": "[parameters('subnetPrefix')]",
    "cuaTrackingNum": "pid-bcfd52e4-d2d7-4ca3-ba20-9a37f7f85c5f-partnercenter",
    "headnodeMachineName": "[concat(take(variables('fixedPrefix'), sub(variables('windowsVMNameLengthLimit'), length('-headnode'))), '-headnode')]",
    "vmssName": "[concat(take(variables('fixedPrefix'), sub(variables('windowsVMSSNameLengthLimit'), length('-vmss'))), '-vmss')]",
    "publisher": "mathworks-inc",
    "offer": "matlab-parallel-server-ref-arch-vm-win-offer",
    "sku": "matlab-parallel-server-ref-arch-r2024a-vm-win-sku",
    "version": "1.0.0",
    "imageReference": {
      "publisher": "[variables('publisher')]",
      "offer": "[variables('offer')]",
      "sku": "[variables('sku')]",
      "version": "[variables('version')]"
    },
    "plan": {
      "name": "[variables('sku')]",
      "publisher": "[variables('publisher')]",
      "product": "[variables('offer')]"
    },
    "osDisk": {
      "createOption": "fromImage",
      "managedDisk": {
        "storageAccountType": "Premium_LRS"
      }
    },
    "storageProfileWithoutDataDisk": {
      "imageReference": "[variables('imageReference')]",
      "osDisk": "[variables('osDisk')]"
    },
    "storageProfileWithDataDisk": {
      "imageReference": "[variables('imageReference')]",
      "osDisk": "[variables('osDisk')]",
      "dataDisks": [
        {
          "name": "[concat(variables('headnodeMachineName'), '-database')]",
          "diskSizeGB": "[parameters('databaseVolumeSize')]",
          "lun": 0,
          "createOption": "Empty",
          "caching": "None"
        }
      ]
    },
    "publicIPPostfix": "pub",
    "headnodeIPName": "[concat(variables('namingPrefix'), variables('publicIPPostfix'))]",
    "dnsLabelPrefix": "[concat('azure-', variables('resourceGroupUniqueString'))]",
    "publicIpTimeout": "20",
    "networkInterfacePostfix": "nic",
    "publicIpConfigPostfix": "ipConfig",
    "networkSecurityGroupName": "[concat(variables('namingPrefix'), '-nsg')]",
    "totalPorts": "[add(7, mul(4, parameters('numWorkersPerNode')))]",
    "startPort": 27350,
    "finalPort": "[add(variables('startPort'), variables('totalPorts'))]",
    "storageAccountName": "[concat('mwstorage', variables('resourceGroupUniqueString'))]",
    "storageAccountType": "Standard_LRS",
    "userDataScript": [
      "# Copyright 2023 The MathWorks, Inc.",
      "",
      "$StartupFolder = \"$Env:ProgramFiles\\MathWorks\\startup\"",
      "# Load startup variables",
      "If (Test-Path $StartupFolder\\env.ps1) {",
      "    . $StartupFolder\\env.ps1",
      "}",
      "",
      "# Define startup parameters",
      "[concat('$Env:JobManagerName=\"', parameters('clusterName'), '\"')]",
      "[concat('$Env:WorkersPerNode=\"', parameters('numWorkersPerNode'), '\"')]",
      "[concat('$Env:MLMLicenseFile=\"', parameters('licenseServer'), '\"')]",
      "[concat('$Env:SecurityLevel=\"', parameters('MJSSecurityLevel'), '\"')]",
      "[concat('$Env:SchedulingAlgorithm=\"', parameters('MJSSchedulingAlgorithm'), '\"')]",
      "[concat('$Env:AZURE_STORAGE_ACCOUNT=\"', variables('storageAccountName'), '\"')]",
      "{{NODE_SPECIFIC_PARAMETERS}}",
      "[concat('$Env:OptionalUserCommand=', '''', parameters('optionalUserCommand'), '''')]",
      "",
      "# Run startup scripts",
      "Start-Transcript -Path $Env:ProgramData\\MathWorks\\startup.log -Append",
      "Get-ChildItem $StartupFolder | Where-Object { $_ -match '^[0-9]+_.+$' } | Sort-Object | ForEach-Object { Write-Output \"startup: executing $_\"; & $_.FullName }",
      "Stop-Transcript"
    ],
    "startupParametersHeadnode": [
      "$Env:NodeType='headnode'",
      "[concat('$Env:EnableAutoscaling=\"', parameters('enableAutoscaling'), '\"')]",
      "[concat('$Env:MaxNodes=', parameters('maxWorkerNodes'))]"
    ],
    "startupParametersWorker": [
      "$Env:NodeType='worker'"
    ],
    "autoscalingRoleName": "[guid(resourceGroup().id, 'autoscaling-role')]",
    "privateIPAddressForNodes": "[concat(variables('headnodeMachineName'), variables('networkInterfacePostfix'))]",
    "tagsForAll": {
      "provider": "[variables('cuaTrackingNum')]"
    },
    "tagsForVMSS": {
      "mwMinCount": "[parameters('minWorkerNodes')]",
      "mwDesiredCount": "[parameters('numWorkerNodes')]",
      "mwMaxCount": "[parameters('maxWorkerNodes')]",
      "mwWorkersPerNode": "[parameters('numWorkersPerNode')]",
      "mwWorkerIdleTimeoutMinutes": 10
    },
    "newVirtualNetwork": "[equals(parameters('virtualNetworkNewOrExisting'), 'new')]",
    "newVirtualNetworkID": "[resourceId('Microsoft.Network/virtualNetworks', parameters('virtualNetworkName'))]",
    "existingVirtualNetworkID": "[resourceId(parameters('virtualNetworkResourceGroupName'), 'Microsoft.Networks/virtualNetworks/', parameters('virtualNetworkName'))]",
    "subnetID": "[if(variables('newVirtualNetwork'), concat(variables('newVirtualNetworkID'), '/subnets/', parameters('subnetName')), concat(variables('existingVirtualNetworkID'), '/subnets/', parameters('subnetName')))]",
    "licenseServer": "[if(equals(parameters('licenseServer'),''),'mhlm',parameters('licenseServer'))]"
  },
  "resources": [
    {
      "condition": "[variables('newVirtualNetwork')]",
      "type": "Microsoft.Network/virtualNetworks",
      "apiVersion": "2022-01-01",
      "name": "[parameters('virtualNetworkName')]",
      "location": "[parameters('location')]",
      "tags": "[variables('tagsForAll')]",
      "properties": {
        "addressSpace": {
          "addressPrefixes": "[variables('addressPrefix')]"
        },
        "subnets": [
          {
            "name": "[parameters('subnetName')]",
            "properties": {
              "addressPrefix": "[variables('subnetPrefix')]"
            }
          }
        ]
      }
    },
    {
      "type": "Microsoft.Network/publicIPAddresses",
      "apiVersion": "2022-01-01",
      "name": "[variables('headnodeIPName')]",
      "location": "[parameters('location')]",
      "tags": "[variables('tagsForAll')]",
      "properties": {
        "publicIPAllocationMethod": "Static",
        "dnsSettings": {
          "domainNameLabel": "[concat(variables('headnodeMachineName'), variables('dnsLabelPrefix'))]"
        },
        "idleTimeoutInMinutes": "[variables('publicIpTimeout')]"
      }
    },
    {
      "type": "Microsoft.Storage/storageAccounts",
      "apiVersion": "2022-09-01",
      "name": "[variables('storageAccountName')]",
      "location": "[parameters('location')]",
      "tags": "[variables('tagsForAll')]",
      "sku": {
        "name": "[variables('storageAccountType')]"
      },
      "kind": "Storage",
      "properties": {}
    },
    {
      "type": "Microsoft.Network/networkSecurityGroups",
      "apiVersion": "2022-01-01",
      "name": "[variables('networkSecurityGroupName')]",
      "location": "[parameters('location')]",
      "dependsOn": [
        "[resourceId('Microsoft.Network/virtualNetworks/', parameters('virtualNetworkName'))]"
      ],
      "tags": "[variables('tagsForAll')]",
      "properties": {
        "securityRules": [
          {
            "name": "default-allow-rdp",
            "properties": {
              "priority": 1000,
              "sourceAddressPrefix": "[parameters('clientIPAddress')]",
              "protocol": "Tcp",
              "destinationPortRange": "3389",
              "access": "Allow",
              "direction": "Inbound",
              "sourcePortRange": "*",
              "destinationAddressPrefix": "*"
            }
          },
          {
            "name": "mathworks-job-scheduler-inbound",
            "properties": {
              "priority": 1010,
              "sourceAddressPrefix": "[parameters('clientIPAddress')]",
              "protocol": "Tcp",
              "destinationPortRange": "[concat(variables('startPort'), '-', variables('finalPort'))]",
              "access": "Allow",
              "direction": "Inbound",
              "sourcePortRange": "*",
              "destinationAddressPrefix": "*"
            }
          },
          {
            "name": "allow-internal-traffic",
            "properties": {
              "priority": 1020,
              "sourceAddressPrefix": "VirtualNetwork",
              "protocol": "Tcp",
              "destinationPortRange": "*",
              "access": "Allow",
              "direction": "Inbound",
              "sourcePortRange": "*",
              "destinationAddressPrefix": "VirtualNetwork"
            }
          }
        ]
      }
    },
    {
      "type": "Microsoft.Network/networkInterfaces",
      "apiVersion": "2022-01-01",
      "name": "[concat(variables('headnodeMachineName'), variables('networkInterfacePostfix'))]",
      "location": "[parameters('location')]",
      "dependsOn": [
        "[resourceId('Microsoft.Network/publicIpAddresses', variables('headnodeIPName'))]",
        "[resourceId('Microsoft.Network/networkSecurityGroups', variables('networkSecurityGroupName'))]"
      ],
      "tags": "[variables('tagsForAll')]",
      "properties": {
        "ipConfigurations": [
          {
            "name": "[concat(variables('headnodeMachineName'), variables('publicIpConfigPostfix'))]",
            "properties": {
              "subnet": {
                "id": "[variables('subnetID')]"
              },
              "privateIPAllocationMethod": "Dynamic",
              "publicIpAddress": {
                "id": "[resourceId('Microsoft.Network/publicIpAddresses', variables('headnodeIPName'))]"
              }
            }
          }
        ],
        "networkSecurityGroup": {
          "id": "[resourceId('Microsoft.Network/networkSecurityGroups', variables('networkSecurityGroupName'))]"
        }
      }
    },
    {
      "type": "Microsoft.Compute/virtualMachines",
      "apiVersion": "2022-08-01",
      "name": "[variables('headnodeMachineName')]",
      "location": "[parameters('location')]",
      "dependsOn": [
        "[resourceId('Microsoft.Network/networkInterfaces', concat(variables('headnodeMachineName'), variables('networkInterfacePostfix')))]",
        "[resourceId('Microsoft.Storage/storageAccounts/', variables('storageAccountName'))]"
      ],
      "tags": "[variables('tagsForAll')]",
      "plan": "[variables('plan')]",
      "identity": {
        "type": "SystemAssigned"
      },
      "properties": {
        "osProfile": {
          "computerName": "[variables('headnodeMachineName')]",
          "AdminUsername": "[parameters('adminUsername')]",
          "AdminPassword": "[parameters('AdminPassword')]",
          "windowsConfiguration": {
            "provisionVmAgent": true
          }
        },
        "hardwareProfile": {
          "vmSize": "[parameters('headNodeVmSize')]"
        },
        "storageProfile": "[if(greater(parameters('databaseVolumeSize'), 0), variables('storageProfileWithDataDisk'), variables('storageProfileWithoutDataDisk'))]",
        "networkProfile": {
          "networkInterfaces": [
            {
              "id": "[resourceId('Microsoft.Network/networkInterfaces', concat(variables('headnodeMachineName'), variables('networkInterfacePostfix')))]"
            }
          ]
        },
        "userData": "[base64(replace(join(variables('userDataScript'), '\n'), '{{NODE_SPECIFIC_PARAMETERS}}', concat(join(variables('startupParametersHeadnode'), '\n'), '\n$Env:AZURE_STORAGE_KEY=\"', listKeys(variables('storageAccountName'), '2022-09-01').keys[0].value, '\"', '\n$Env:HeadnodeHostname=\"', reference(variables('headnodeIPName')).dnsSettings.fqdn, '\"')))]"
      },
      "resources": [
        {
          "type": "extensions",
          "apiVersion": "2023-03-01",
          "name": "startup",
          "location": "[parameters('location')]",
          "dependsOn": [
            "[resourceId('Microsoft.Compute/virtualMachines/', variables('headnodeMachineName'))]"
          ],
          "tags": {
            "displayName": "startup"
          },
          "properties": {
            "publisher": "Microsoft.Compute",
            "type": "CustomScriptExtension",
            "typeHandlerVersion": "1.10",
            "autoUpgradeMinorVersion": true,
            "protectedSettings": {
              "commandToExecute": "powershell -Command \"[System.Text.Encoding]::UTF8.GetString([Convert]::FromBase64String($(Invoke-RestMethod -Headers @{'Metadata'='true'} -Method GET -Uri 'http://169.254.169.254/metadata/instance/compute/userData?api-version=2021-01-01&format=text'))) | powershell\""
            }
          }
        }
      ]
    },
    {
      "condition": "[equals(parameters('enableAutoscaling'), 'Yes')]",
      "type": "Microsoft.Authorization/roleDefinitions",
      "apiVersion": "2022-04-01",
      "name": "[variables('autoscalingRoleName')]",
      "tags": "[variables('tagsForAll')]",
      "properties": {
        "assignableScopes": [
          "[resourceGroup().id]"
        ],
        "description": "Grants access to manage VMSS and VMs.",
        "permissions": [
          {
            "actions": [
              "Microsoft.Compute/virtualMachineScaleSets/read",
              "Microsoft.Compute/virtualMachineScaleSets/write",
              "Microsoft.Compute/virtualMachineScaleSets/delete/action",
              "Microsoft.Compute/virtualMachineScaleSets/virtualMachines/read",
              "Microsoft.Compute/virtualMachineScaleSets/virtualMachines/write",
              "Microsoft.Compute/virtualMachineScaleSets/virtualMachines/delete"
            ]
          }
        ],
        "roleName": "[concat('Autoscaling Orchestrator - ', resourceGroup().name)]",
        "type": "customRole"
      }
    },
    {
      "condition": "[equals(parameters('enableAutoscaling'), 'Yes')]",
      "type": "Microsoft.Authorization/roleAssignments",
      "apiVersion": "2022-04-01",
      "name": "[guid(resourceGroup().id, 'headnode-role')]",
      "dependsOn": [
        "[resourceId('Microsoft.Authorization/roleDefinitions/', variables('autoscalingRoleName'))]",
        "[resourceId('Microsoft.Compute/virtualMachines/', variables('headnodeMachineName'))]"
      ],
      "tags": "[variables('tagsForAll')]",
      "properties": {
        "roleDefinitionId": "[resourceId('Microsoft.Authorization/roleDefinitions/', variables('autoscalingRoleName'))]",
        "principalId": "[reference(resourceId('Microsoft.Compute/virtualMachines/', variables('headnodeMachineName')), '2022-03-01', 'Full').identity.principalId]",
        "principalType": "ServicePrincipal"
      }
    },
    {
      "type": "Microsoft.Compute/virtualMachineScaleSets",
      "apiVersion": "2022-08-01",
      "name": "[variables('vmssName')]",
      "location": "[parameters('location')]",
      "dependsOn": [
        "[resourceId('Microsoft.Network/publicIpAddresses/', variables('headnodeIPName'))]",
        "[resourceId('Microsoft.Network/networkInterfaces/', concat(variables('headnodeMachineName'), variables('networkInterfacePostfix')))]",
        "[resourceId('Microsoft.Storage/storageAccounts/', variables('storageAccountName'))]"
      ],
      "tags": "[union(variables('tagsForAll'), if(equals(parameters('enableAutoscaling'), 'Yes'), variables('tagsForVMSS'), json('{}')))]",
      "sku": {
        "name": "[parameters('workerVmSize')]",
        "tier": "Standard",
        "capacity": "[parameters('numWorkerNodes')]"
      },
      "plan": "[variables('plan')]",
      "properties": {
        "overprovision": false,
        "upgradepolicy": {
          "mode": "Automatic"
        },
        "virtualMachineProfile": {
          "osProfile": {
            "computerNamePrefix": "[variables('vmssName')]",
            "AdminUsername": "[parameters('adminUsername')]",
            "AdminPassword": "[parameters('AdminPassword')]",
            "windowsConfiguration": {
              "provisionVmAgent": true
            }
          },
          "storageProfile": "[variables('storageProfileWithoutDataDisk')]",
          "networkProfile": {
            "networkInterfaceConfigurations": [
              {
                "name": "[concat(variables('vmssName'), variables('networkInterfacePostfix'))]",
                "properties": {
                  "primary": true,
                  "ipConfigurations": [
                    {
                      "name": "[concat(variables('vmssName'), variables('publicIpConfigPostfix'))]",
                      "properties": {
                        "subnet": {
                          "id": "[variables('subnetID')]"
                        },
                        "publicIpAddressConfiguration": {
                          "name": "[variables('publicIpPostfix')]",
                          "properties": {
                            "dnsSettings": {
                              "domainNameLabel": "[concat(variables('vmssName'), variables('dnsLabelPrefix'))]"
                            },
                            "idleTimeoutInMinutes": "[variables('publicIpTimeout')]"
                          }
                        }
                      }
                    }
                  ],
                  "networkSecurityGroup": {
                    "id": "[resourceId('Microsoft.Network/networkSecurityGroups', variables('networkSecurityGroupName'))]"
                  }
                }
              }
            ]
          },
          "userData": "[base64(replace(join(variables('userDataScript'), '\n'), '{{NODE_SPECIFIC_PARAMETERS}}', concat(join(variables('startupParametersWorker'), '\n'), '\n$Env:AZURE_STORAGE_KEY=\"', listKeys(variables('storageAccountName'), '2022-09-01').keys[0].value, '\"', '\n$Env:HeadnodeHostname=\"', reference(variables('headnodeIPName')).dnsSettings.fqdn, '\"', '\n$Env:HeadnodeLocalIP=\"', reference(variables('privateIPAddressForNodes')).ipConfigurations[0].properties.privateIPAddress, '\"')))]",
          "extensionProfile": {
            "extensions": [
              {
                "name": "[concat(variables('vmssName'), '-installation')]",
                "properties": {
                  "publisher": "Microsoft.Compute",
                  "type": "CustomScriptExtension",
                  "typeHandlerVersion": "1.5",
                  "autoUpgradeMinorVersion": true,
                  "protectedSettings": {
                    "commandToExecute": "powershell -Command \"[System.Text.Encoding]::UTF8.GetString([Convert]::FromBase64String($(Invoke-RestMethod -Headers @{'Metadata'='true'} -Method GET -Uri 'http://169.254.169.254/metadata/instance/compute/userData?api-version=2021-01-01&format=text'))) | powershell\""
                  }
                }
              }
            ]
          }
        }
      }
    },
    {
      "type": "Microsoft.Resources/deployments",
      "apiVersion": "2022-09-01",
      "name": "pid-bcfd52e4-d2d7-4ca3-ba20-9a37f7f85c5f-partnercenter",
      "dependsOn": [
        "[resourceId('Microsoft.Compute/virtualMachineScaleSets/', variables('vmssName'))]"
      ],
      "properties": {
        "mode": "Incremental",
        "template": {
          "$schema": "https://schema.management.azure.com/schemas/2015-01-01/deploymentTemplate.json#",
          "contentVersion": "1.0.0.0",
          "resources": []
        }
      }
    }
  ]
}